RUC,RAZON_SOCIAL,UBIGEO,DIRECCION,ES_ANEXO,DISTRITO,TIPO_PERSONA
20369872274,FRANCO SUPERMERCADO E.I.R.L.,040126,AV. EMMEL 117 JARDIN URB.,0,YANAHUARA,JURIDICA
20134667932,ALCOHOLES Y  ABARROTES SCR LTDA,040122,CAL. CARAVELI S/N SAN MARTIN SACABAYA URB.,0,SOCABAYA,JURIDICA
20498189041,DISTRIBUIDOR DE ABARROTES SUR S.A.C.,040101,AV. PARRA 300 TD.1,0,AREQUIPA (CERCADO),JURIDICA
20115190165,DISTRIBUIDORA ABARROTERA DEL SUR EIRL,040101,AV. TACNA Y ARICA S/N,0,AREQUIPA (CERCADO),JURIDICA
20370391441,AUTOSERVICIO DEL PUEBLO SRLTDA.,040104,AV. AVIACION SN VICTOR ANDRES BELAUNDE P.J.,0,CERRO COLORADO,JURIDICA
20121311519,DISTRIBUIDORA ABARROTERA GERENAL DEL SUR,040112,AV. PIZARRO 118,0,PAUCARPATA,JURIDICA
20184528551,BODEGA DE ANTANO EIRL,040102,CAL. JUSTICIA 202,0,ALTO SELVA ALEGRE,JURIDICA
20121002729,ABARROTES LUCIA BECERRA EIRL,040112,J 23 STA CATALINA URB.,0,PAUCARPATA,JURIDICA
20227493829,BODEGA TOP VERDUFRUT E I R LTDA,040126,CAL. FRANCISCO MOSTAJO 302,0,YANAHUARA,JURIDICA
20272483818,BODEGA Y DISTRIBUC GUZMAN HNOS S.R.LTDA.,040103,B1 8 CASIMIROS CUADROS II URB.,0,CAYMA,JURIDICA
20180644726,TOP MARKET EIRL,040101,CAL. CALLE JERUSALEN 115 208,0,AREQUIPA (CERCADO),JURIDICA
20173213582,ABARROTES Y REPRESENTACIONES SAN FCO S.C,040101,CAL. OLIMPICA 209B IV CENTENARIO URB.,0,AREQUIPA (CERCADO),JURIDICA
20213923839,DIST DE ABARROTES SAN LUC S R LTDA,040101,CAL. EDMUNDO ESCOMEL 308 CERRO JULY URB.,0,AREQUIPA (CERCADO),JURIDICA
20328599920,ABARROTES ARACCA E.I.R.L.,040101,CAL. PERU 601 3,0,AREQUIPA (CERCADO),JURIDICA
20273121103,MINIMARKET BOTILLERIA EL MAGNIFICO SRLTD,040104,A 13-B VILLA FLORIDA URB.,0,CERRO COLORADO,JURIDICA
20199279891,BODEGA EL GRAN MADERO E.I.R.LTDA.,040101,CAL. UNIVERSIDAD 115 LA VICTORIA URB.,0,AREQUIPA (CERCADO),JURIDICA
20214055156,BODEGA SAN JOSE E I R LTDA,040101,CAL. SAN JOSE 318,0,AREQUIPA (CERCADO),JURIDICA
20215949622,AUTOSERVICIO MONTERREY DIST CONSIG EIRL,040112,AV. CHILE 300 FECIA URB.,0,PAUCARPATA,JURIDICA
20312770351,MINI MARKET Y BAZAR DON LUCHO S.R.LTDA.,040112,J 13-A GUARDIA CIVIL URB.,0,PAUCARPATA,JURIDICA
20134709104,AUTOSERVICIO DANIEL S.R.L.,040112,AV. CAYRO C 8 CAYRO URB.,0,PAUCARPATA,JURIDICA
20369577515,DISTRIB.DE ABARROTES DON SANTIAGO EIRL,040110,AV. SEPULVEDA 202,0,MIRAFLORES,JURIDICA
20328065381,DISTRIBUIDORA ABARROTERA VERONICA EIRL.,040129,AV. ALCIDES CARRION 206 3,0,JOSE LUIS BUSTAMANTE Y RIVERO,JURIDICA
20498371435,COPIER MARKET DEL SUR S.A.C.,040101,CAL. SANTA CATALINA 115A 12D SANTA CATALINA ----,0,AREQUIPA (CERCADO),JURIDICA
20272775606,BODEGA BAZAR SAN ANTONIO EIR LTDA,040126,AV. VICTOR A. BELAUNDE C 3,0,YANAHUARA,JURIDICA
20120955544,AUTOSERVICIO LUZ S.R.LTDA.,040101,CAL. CRUZ VERDE 202,0,AREQUIPA (CERCADO),JURIDICA
20272102369,LA BODEGUITA E.I.R. LTDA.,040101,AV. ALCIDES CARREON 314 LA PAMPILLA ----,0,AREQUIPA (CERCADO),JURIDICA
20312259819,ABARROTES ADELINA & XIOMARA E.I.R.L,040101,CAL. PIEROLA 540,0,AREQUIPA (CERCADO),JURIDICA
20498041729,BODEGA UBINAS E.I.R.L.,040110,AV. SEPULVEDA 217,0,MIRAFLORES,JURIDICA
20272426342,SUPER MARKET PERU SOCIEDAD ANONIMA CERRADA,040101,CAL. PALOMAR 105 B,0,AREQUIPA (CERCADO),JURIDICA
20273264711,AUTOSERVICIO PERU E.I.R.L.,040103,CAL. LOS ARCES 226A,0,CAYMA,JURIDICA
20121659515,AUTOSERVICIO LOURDES JENNY LOPEZ V EIRL,040101,AV. LA PAZ 597,0,AREQUIPA (CERCADO),JURIDICA
20497821011,AUTOSERVICIO D'CARMEN S.R.L.,040101,PJ. EL PALOMAR S/N,0,AREQUIPA (CERCADO),JURIDICA
20497832722,JAIMITO'S CARNICERIA MINIMARKET E.I.R.L.,040103,AV. CAYMA 516,0,CAYMA,JURIDICA
20124991758,BODEGA E. BENAVIDES SAC,040101,CAL. ALVAREZ THOMAS 473,0,AREQUIPA (CERCADO),JURIDICA
20411900437,MINIMARKET KEKA EMPRESA IND.DE RESP.LTDA,040101,PJ. MARTINETTY 138,0,AREQUIPA (CERCADO),JURIDICA
20222391475,LA TIENDA S.R.LTDA.,040101,A-14 JARDIN URB.,0,AREQUIPA (CERCADO),JURIDICA
20206932156,AUTOSERVICIO LUMONSA S.R.LTDA.,040101,AV. GOYENECHE 336,0,AREQUIPA (CERCADO),JURIDICA
20232101181,BODEGAS Y VINEDOS DE LA CONCEPCION S A,040101,CAL. OTERO 241 MUNICIPAL URB.,0,AREQUIPA (CERCADO),JURIDICA
20162631765,FREE MARKET CORREDORES ASOCIADOS S.A.,040103,CAL. TRONCHADERO 103,0,CAYMA,JURIDICA
20371205960,JAIMITO'S CARNICERIA AUTOSERVICIO EIRL,040126,AV. VICTOR ANDRES BELAUNDE 521 UMACOLLO ----,0,YANAHUARA,JURIDICA
20273192116,AUTOSERVICIO CEYLAN EIRLTDA,040101,BL. A-8 S/N 17 NICOLAS DE PIEROLA C.H.,0,AREQUIPA (CERCADO),JURIDICA
20498475567,ABARROTES VIRGEN DE FATIMA E.I.R.L.,040109,B 6 MARIANO BUSTAMANTE URB.,0,MARIANO MELGAR,JURIDICA
20412847149,COMERCIAL DE ABARROTES SAN PEDRO E.I.R.L,040110,CAL. ELIAS AGUIRRE 320,0,MIRAFLORES,JURIDICA
20453872832,INKA MARKET SRL.,040101,CAL. RIVERO 403,0,AREQUIPA (CERCADO),JURIDICA
20371385411,MINI MARKET ROMA-ANTICA S.C.R.L.,040104,AV. AVIACION 6.5,0,CERRO COLORADO,JURIDICA
20498462406,LAC MARKET REPRESENTACIONES E.I.R.L.,040101,CAL. JERUSALEN 121 15,0,AREQUIPA (CERCADO),JURIDICA
20498344039,ABARROTES GEYSI EIRL,040122,CAL. PEDRO PAZ SOLDAN ZONA C J 11 4 DE OCTUBRE P.J.,0,SOCABAYA,JURIDICA
20498605525,AMERICAN MARKET DISTRIBUTIONS SOCIEDAD COMERCIAL DE RESPONSABILIDAD LIMITADA-AMERICAN MARKET S.R.L.,040129,AV. VIDAURRAZAGA A 8 FUNDO EL PERAL URB.,0,JOSE LUIS BUSTAMANTE Y RIVERO,JURIDICA
20124887349,AUTOSERVICIO SAN ROMAN EIRL,040102,CAL. MANCO CAPAC 104,0,ALTO SELVA ALEGRE,JURIDICA
20120917456,AUTOSERVICIO CLAN E.I.R.L.,040126,AV. EMMEL E 9 UMACOLLO ----,0,YANAHUARA,JURIDICA
20454158131,COMERCIAL TU TIENDA AMIGA E.I.R.L.,040122,"---- ZONA 18, SECCION 1/A 2 11 HORACIO ZEBALLOS GAMEZ A.H.",0,SOCABAYA,JURIDICA
20498522409,MPM MARKET SRL.,040101,S/N S/N 304 GARAYCOCHEA RES.,0,AREQUIPA (CERCADO),JURIDICA
20498588094,DISTRIBUIDORA ABARROTERA Y SERVICIOS VIRGENCITA DE CHAPI E.I.R.L.,040101,AV. PARRA 375,0,AREQUIPA (CERCADO),JURIDICA
20454099371,SUPERMERCADO LA TOMILLA S.A.,040103,AV. RAMON CASTILLA S/N P.T. LA TOMILLA ----,0,CAYMA,JURIDICA
20454743211,AUTOSERVICIO QUIQUIN E.I.R.L.,040104,---- PROLONGACION AV. EJERCITO 720,0,CERRO COLORADO,JURIDICA
20454667019,LA TIENDA DE PARAISO S.R.L.,040101,CAL. PERAL 206,0,AREQUIPA (CERCADO),JURIDICA
20454732449,COMERCIAL TU TIENDA 8 Y 7 EMPRESA INDIVIDUAL DE RESP. LIMITADA - COMERCIAL TU TIENDA 8 Y 7 EIRL,040101,BL. B - IV ETAPA -- 8 NICOLAS DE PIEROLA C.H.,0,AREQUIPA (CERCADO),JURIDICA
20454322208,LA BODEGA DE DON HUGO E.I.R.L.,040126,CAL. JERUSALEN 108 PT. YANAHUARA ----,0,YANAHUARA,JURIDICA
20455036233,BODEGA LELIA S.R.L.,040101,CAL. COLON 213 310,0,AREQUIPA (CERCADO),JURIDICA
20608825097,MINIMARKET MICHAEL E.I.R.L.,040104,JR. TUMBES 13 4 SEMI RURAL PACHACUTEC URB.,0,CERRO COLORADO,JURIDICA
20528022881,MINI MARKET GAMAR EMPRESA INDIVIDUAL DE RESPONSABILIDAD LIMITADA,040129,M 1 LA MELGARIANA URB.,0,JOSE LUIS BUSTAMANTE Y RIVERO,JURIDICA
20406273599,MARKET COMPUTER E.I.R.L.,040104,BL. URBANIZACION CHALLAPAMPA 101 VALLE BLANCO URB.,0,CERRO COLORADO,JURIDICA
20455347158,BODEGA EL CHINITO E.I.R.L.,040101,CAL. SUCRE 331,0,AREQUIPA (CERCADO),JURIDICA
20455477019,MINIMARKET GENESIS E.I.R.L.,040101,AV. VIDAURRAZAGA L 6 PABLO VI ETAPA II URB.,0,AREQUIPA (CERCADO),JURIDICA
20455548480,BODEGAS UNIDAS AREQUIPA,040104,---- VILLA SOL 101 LA MERCED URB.,0,CERRO COLORADO,JURIDICA
20610820418,MINIMARKET FRESCO E.I.R.L.,040112,AV. AMAUTA 1020 PEDRO DIAZ URB.,0,PAUCARPATA,JURIDICA
20455653780,REPRESENTANTE DE LICORES Y ABARROTES SOCIEDAD ANONIMA CERRADA-RELICAB S.A.C.,040101,CAL. PIEROLA 527 3,0,AREQUIPA (CERCADO),JURIDICA
20455752419,CONSORCIO ABARROTERO DEL PACIFICO E.I.R.L.,040112,CAL. RAMON CASTILLA 103 JESUS MARIA URB.,0,PAUCARPATA,JURIDICA
20455915491,MEGACENTRO MARKET & GYM E.I.R.L.,040117,CAL. LOS JAZMINES O 20 CAMPO VERDE IV ETAPA URB.,0,SACHACA,JURIDICA
20455920737,TU TIENDA DENTAL EMPRESA INDIVIDUAL DE RESPONSABILIDAD LIMITADA - TU TIENDA DENTAL E.I.R.L.,040129,G 2 DANIEL ALCIDES CARRION COO.,0,JOSE LUIS BUSTAMANTE Y RIVERO,JURIDICA
20455932077,MINIMARKET ALIMERCA E.I.R.L.,040110,AV. PROGRESO 323,0,MIRAFLORES,JURIDICA
20455936579,LA TIENDA DEL PINTOR E.I.R.L.,040109,AV. MARISCAL CASTILLA 819,0,MARIANO MELGAR,JURIDICA
20455956685,TU TIENDA PREFERIDA # 8 E.I.R.L.,040101,BL. B ETAPA IV S/N 8 NICOLAS DE PIEROLA C.H.,0,AREQUIPA (CERCADO),JURIDICA
20456096698,MINIMARKET BAZAR ARRAYANES E.I.R.L.,040117,CAL. LOS ARRAYANES 100B,0,SACHACA,JURIDICA
20456101527,UNION DE BODEGAS AREQUIPA SOCIEDAD ANONIMA CERRADA,040104,---- VILLA SOL 101 LA MERCED URB.,0,CERRO COLORADO,JURIDICA
20456151389,PANADERIA PASTELERIA BODEGA PANIARTE S.A.C.,040101,CAL. CONSUELO 107,0,AREQUIPA (CERCADO),JURIDICA
20539316690,DISTRIBUIDORA ABARROTERA J & L E.I.R.L.,040129,A 8 3 DE OCTUBRE P.J.,0,JOSE LUIS BUSTAMANTE Y RIVERO,JURIDICA
20539488474,VISUAL MARKET S.A.C.,040129,A 15 EL CONDOR LA MELGARIANA URB.,0,JOSE LUIS BUSTAMANTE Y RIVERO,JURIDICA
20539523059,MARILIA BODEGA Y SNACK E.I.R.L.,040107,---- PABELLON G TIENDA 3 TERMINAL TERRESTRE ----,0,JACOBO HUNTER,JURIDICA
20539614879,SUPERMERCADO ALKOSTO S.A.C.,040126,---- SUBL A1-I A1 -- PIEDRA SANTA I URB.,0,YANAHUARA,JURIDICA
20539674189,REPRESENTACIONES DE UNION DE BODEGAS S.A.C. - RUBSAC,040104,AV. PROLONG. VILLA HERMOSA 101 VILLA SOL ----,0,CERRO COLORADO,JURIDICA
20558020921,INTELIGENT MARKET S.R.L.,040110,CAL. PUENTE ARNAO 241 301,0,MIRAFLORES,JURIDICA
20558087596,PROALPERU TRADE MARKET S.A.C.,040107,CAL. 8 DE DICIEMBRE D 20-B LEON DEL SUR A.H.,0,JACOBO HUNTER,JURIDICA
20558653966,BODEGAS AQP S.A.C.,040109,CAL. TUMBES 403A,0,MARIANO MELGAR,JURIDICA
20559160718,MARKET ANALYSIS CONSULTING S.A.C.,040126,H 2 VALENCIA URB.,0,YANAHUARA,JURIDICA
20559211568,DISTRIBUCIONES MI TIENDA EIRL,040129,---- SECCION ABACERIA PTO 13 -- MDO NUEVA ESPERANZA ----,0,JOSE LUIS BUSTAMANTE Y RIVERO,JURIDICA
20607309460,MR MARKET E.I.R.L.,040129,G 32 DANIEL ALCIDES CARRION COO.,0,JOSE LUIS BUSTAMANTE Y RIVERO,JURIDICA
20600495268,DISTRIBUIDORA DE ABARROTES D & L E.I.R.L.,040110,CAL. ELIAS AGUIRRE 416,0,MIRAFLORES,JURIDICA
20600638417,BODEGAS Y ALMACENES DEL SUR SOCIEDAD COMERCIAL DE RESPONSABILIDAD LIMITADA,040103,E 6A LA MARINA URB.,0,CAYMA,JURIDICA
20600712081,MINIMARKET MONTERREY E.I.R.L.,040129,AV. DOLORES ESQ. EE.UU. --,0,JOSE LUIS BUSTAMANTE Y RIVERO,JURIDICA
20601235863,AUTOSERVICIO SAN DIEGO S.A.C.,040110,AV. GOYONECHE 701,0,MIRAFLORES,JURIDICA
20601261457,MINIMARKET'S ALAMEDA EMPRESA INDIVIDUAL DE RESPONSABILIDAD LIMITADA - MINIMARKET'S ALAMEDA E.I.R.L.,040129,D 36 ALAMEDA DOLORES URB.,0,JOSE LUIS BUSTAMANTE Y RIVERO,JURIDICA
20601481686,ATZ MARKET S.A.C.,040104,AV. GARCILAZO DE LA VEGA 1 CONJUNTO RESIDENCIAL VALL OTR.,0,CERRO COLORADO,JURIDICA
20601645697,BODEGA AÑEJA TRADICION EMPRESA INDIVIDUAL DE RESPONSABILIDAD LIMITADA - BODEGA AÑEJA TRADICION  EIRL,040110,CAL. PAZ SOLDAN 747,0,MIRAFLORES,JURIDICA
20601810868,BODEGAS Y VIÑEDOS ARANZAMENDI CACERES SOCIEDAD COMERCIAL DE RESPONSABILIDAD LIMITADA,040104,JR. EEUU DE BRASIL ZON C GRP 20 4-B SEMI RURAL PACHACUTEC URB.,0,CERRO COLORADO,JURIDICA
20602331432,AMERICAN MARKET HOUSE SAC,040103,J 1A CLEGIO DE INGENIEROS COO.,0,CAYMA,JURIDICA
20602462308,BODEGA VIEJO MUNDO EUROPEAN SHOP E.I.R.L. - BODEGA VIEJO MUNDO E.I.R.L.,040117,M 12 CAMPO VERDE RES.,0,SACHACA,JURIDICA
20602467261,MINIMARKET SANTIAGO SOCIEDAD COMERCIAL DE RESPONSABILIDAD LIMITADA - MINIMARKET SANTIAGO S.R.L.,040101,AV. DANIEL ALCIDES CARRION 520 SAN JERONIMO URB.,0,AREQUIPA (CERCADO),JURIDICA
20602597700,LIDER MARKET EMPRESA INDIVIDUAL DE RESPONSABILIDAD LIMITADA,040104,CAL. VISTA ALEGRE 200 LA LIBERTAD URB.,0,CERRO COLORADO,JURIDICA
20602764533,ABARROTES DIVINO NIÑO JESUS EMPRESA INDIVIDUAL DE RESPONSABILIDAD LIMITADA,040129,---- AVELINO CACERES E 1 VISTA HERMOSA ----,0,JOSE LUIS BUSTAMANTE Y RIVERO,JURIDICA
20602867618,TIENDA PERU AREQUIPA EMPRESA INDIVIDUAL DE RESPONSABILIDAD LIMITADA,040102,CAL. --- C 11 VILLA AREQUIPA URB.,0,ALTO SELVA ALEGRE,JURIDICA
20602906320,CEYLAN MARKET SOCIEDAD ANONIMA CERRADA - CEYLAN MARKET S.A.C.,040101,CAL. PIEROLA 326 CERCADO URB.,0,AREQUIPA (CERCADO),JURIDICA
20603075511,MOE´S MINIMARKET S.A.C.,040102,CAL. VICTORIA 109,0,ALTO SELVA ALEGRE,JURIDICA
20603194552,MULTISERVICIOS TPA MARKET SOCIEDAD ANONIMA CERRADA - TPA MARKET S.A.C.,040112,CAL. INDEPENDENCIA 115 MIGUEL GRAU P.J.,0,PAUCARPATA,JURIDICA
20603290837,TIENDA DE ABARROTES CLARITA S.R.L.,040123,PJ. SAN JOSE COM-4 F 14,0,TIABAYA,JURIDICA
20603360509,MINIMARKET BERNITA E.I.R.L.,040126,AV. ZAMACOLA 2 L 4 ANTONIO RAYMONDY URB.,0,YANAHUARA,JURIDICA
20603572158,DISTRIBUIDORA DE ABARROTES M Y M EMPRESA INDIVIDUAL DE RESPONSABILIDAD LIMITADA,040104,AV. CONTRERAS 202 1 ALTO LIBERTAD URB.,0,CERRO COLORADO,JURIDICA
20603734361,MARKET WIN E.I.R.L.,040112,AV. JORGE CHAVEZ 1007 JORGE CHAVEZ URB.,0,PAUCARPATA,JURIDICA
20603763549,INNOVA MARKET H & L SOCIEDAD COMERCIAL DE RESPONSABILIDAD LIMITADA - INNOVA MARKET H & L S.R.L.,040104,AV. RESTAURACION 13 5B SEMI RURAL PACHACUTEC URB.,0,CERRO COLORADO,JURIDICA
20603801602,FILOMENITA TU BODEGUITA E.I.R.L.,040112,K 11A UPIS LEONCIO PRADO ----,0,PAUCARPATA,JURIDICA
20603816804,AGRUPACION DE BODEGAS & PRODUCTORES DEL SUR S.R.L. - ABOPRO S.R.L.,040102,AV. ESPAÑA 741 ALTO SELVA ALEGRE ZONA B A.H.,0,ALTO SELVA ALEGRE,JURIDICA
20604678740,LA BODEGA 308 SOCIEDAD ANONIMA CERRADA,040101,CAL. GUSTAVO CORNEJO 123 UMACOLLO URB.,0,AREQUIPA (CERCADO),JURIDICA
20604782164,K´UMARA MARKET PERU E.I.R.L.,040112,C 3 3 LOS ÁLAMOS 3ERA ETP PISO URB.,0,PAUCARPATA,JURIDICA
20604826030,PAPAYA MINIMARKET S.A.C,040101,CAL. RICARDO PALMA MZ. R 200,0,AREQUIPA (CERCADO),JURIDICA
20605318593,FABRICA DE LICORES BODEGA UVAS AREQUIPA E.I.R.L.,040122,AV. SALAVERRY 136,0,SOCABAYA,JURIDICA
20605389580,ANIMAL MARKET S.A.C.,040126,CAL. ATAHUALPA 109,0,YANAHUARA,JURIDICA
20605484728,AUTOSERVICIO EMPIHE E.I.R.L.,040112,CAL. LOS JAZMINES 106 CIUDAD BLANCA P.J.,0,PAUCARPATA,JURIDICA
20605542710,MINIMARKET ARYANA Y ROMINA E.I.R.L.,040124,E 1 UPIS EL CARMEN DE CONGATA P.J.,0,UCHUMAYO,JURIDICA
20605565795,BEEF MARKET E.I.R.L.,040129,C 19 SAN BASILIO URB.,0,JOSE LUIS BUSTAMANTE Y RIVERO,JURIDICA
20605640215,EMPRESA SUPER MARKET E.I.R.L.,040109,---- AYACUCHO 101 SAN MARTIN ----,0,MARIANO MELGAR,JURIDICA
20605949771,AUTOSERVICIO D'ANITA EMPRESA INDIVIDUAL DE RESPONSABILIDAD LIMITADA,040129,F 1 DOLORES URB.,0,JOSE LUIS BUSTAMANTE Y RIVERO,JURIDICA
20606142855,TRITON E-MARKET & TRADING E.I.R.L,040101,AV. AV. LIMA 400A 301 VALLECITO URB.,0,AREQUIPA (CERCADO),JURIDICA
20606266058,SUPERMERCADO VIRTUAL Y TECNOLOGICO SOCIEDAD ANONIMA CERRADA,040126,CAL. ESPINAR 310 11 QUINTA MARÍA SANTOS URB.,0,YANAHUARA,JURIDICA
20606424532,MINIMARKET CHOQUE E.I.R.L.,040102,AV. ESPAÑA 522,0,ALTO SELVA ALEGRE,JURIDICA
20606446382,DISTRIBUIDORA ABARROTERA Y TRANSPORTES RANILLA ZAPATA SRL,040107,I 2 SANTA MONICA ASC.,0,JACOBO HUNTER,JURIDICA
20606501383,MINIMARKET LA GONZALERA EMPRESA INDIVIDUAL DE RESPONSABILIDAD LIMITADA,040101,CAL. CONSUELO 305 CERCADO URB.,0,AREQUIPA (CERCADO),JURIDICA
20606733241,ECO MINIMARKET E.I.R.L,040101,CAL. JERUSALEN 410 CERCADO URB.,0,AREQUIPA (CERCADO),JURIDICA
20606918284,MUSUQ MARKET E.I.R.L.,040104,AV. PERU 502 ALTO LIBERTAD P.J.,0,CERRO COLORADO,JURIDICA
20606938803,SAFE MARKET EXPRESS E.I.R.L.,040103,CAL. CACIQUE ALPACA 215 CERCADO DE CAYMA URB.,0,CAYMA,JURIDICA
20607135305,LA TIENDA DEL SEÑOR BICHO S.R.L.,040104,H 1 LA FONDA URB.,0,CERRO COLORADO,JURIDICA
20607331627,MINIMARKETS SUR PERU HENJZ EMPRESA INDIVIDUAL DE RESPONSABILIDAD LIMITADA,040126,C 9 TABLADA DE CHULLO URB.,0,YANAHUARA,JURIDICA
20608350820,TIENDA TURCA DE AQP E.I.R.L.,040126,CAL. CHULLO 416 SANTA CECILIA URB.,0,YANAHUARA,JURIDICA
20608605364,GRUPO ADRISSA MINIMARKETS PERU E.I.R.L.,040104,E 1 COLEGIO DE INGENIEROS URB.,0,CERRO COLORADO,JURIDICA
20608656155,TIENDA 56 E.I.R.L.,040101,CAL. SAN JUAN DE DIOS 627 NICOLAS DE PIEROLA ET.2 C.H.,0,AREQUIPA (CERCADO),JURIDICA
20608679830,ABARROTES MIX SOCIEDAD ANONIMA CERRADA,040101,CAL. PERAL 567C,0,AREQUIPA (CERCADO),JURIDICA
20609235081,MINIMARKET NUESTRA DESPENSA E.I.R.L.,040103,AV. BOLOGNESI CON CALLE 22 DE G 4 B PUEBLO TRADICIONAL DE CAY OTR.,0,CAYMA,JURIDICA
20609346061,TIENDA LIBRE S.A.C.,040101,AV. JORGE CHAVEZ 118 4TO,0,AREQUIPA (CERCADO),JURIDICA
20609472929,BODEGA SIN COMENTARIOS E.I.R.L.,040123,AV. VICTOR ANDRES BELAUNDE. H 5 PT. PAMPAS NUEVAS ----,0,TIABAYA,JURIDICA
20609501244,TIENDA Y SERVICIOS GENERALES DON LUCHITO EMPRESA INDIVIDUAL DE RESPONSABILIDAD LIMITADA,040101,CAL. SAN VICENTE 32 LOS ANGELES URB.,0,AREQUIPA (CERCADO),JURIDICA
20609643511,ECO MARKET ANDREA E.I.R.L.,040104,A 54 RIO SECO VILLA FAUCETT ZO P.J.,0,CERRO COLORADO,JURIDICA
20609781492,PTP DIGITAL MARKET PERU S.A.C.,040101,CAL. RIVERO (115-A) 115,0,AREQUIPA (CERCADO),JURIDICA
20609881497,ALL MARKET SERVICE E.I.R.L.,040129,CAL. EDMUNDO ESCOMEL 305 CERRO JULI URB.,0,JOSE LUIS BUSTAMANTE Y RIVERO,JURIDICA
20609882086,BODEGA DANITZA E.I.R.L.,040122,AV. PAISAJISTA 601A BELLAPAMPA URB.,0,SOCABAYA,JURIDICA
20609993082,PC MARKET AQP SERVICIOS MULTIPLES S.A.C.S.,040104,"CAL. JACARANDA D 3 101 EL SOLAR DE CHALLAPAMPA, URB.",0,CERRO COLORADO,JURIDICA
20610921702,MINIMARKET LEYAL E.I.R.L.,040112,G 1 SAN AGUSTIN URB.,0,PAUCARPATA,JURIDICA
20611070358,S & P JUNTOS MARKET E.I.R.L.,040112,AV. KENNEDY 2017,0,PAUCARPATA,JURIDICA
20611281031,ECO-MARKET NATY´S S.R.L.,040101,H 13 LAS ORQUIDEAS URB.,0,AREQUIPA (CERCADO),JURIDICA
20611492759,MARKET DENT ART-KAT E.I.R.L.,040129,G 13 DANIEL ALCIDES CARRION COO.,0,JOSE LUIS BUSTAMANTE Y RIVERO,JURIDICA
20611500557,MARKET DEL SUR S.A.C.,040101,CAL. ISLAY 36 MUNICIPAL URB.,0,AREQUIPA (CERCADO),JURIDICA
20611519126,ASOCIACION DE COMERCIANTES DEL MERCADITO LEONES DEL MISTI,040102,CAL. CUSCO CDA.2 --- LEONES DEL MISTI P.J.,0,ALTO SELVA ALEGRE,JURIDICA
20611530855,TU TIENDA FAVORITA E.I.R.L.,040101,"BL. B, TDA. 8 -- NICOLAS DE PIEROLA ETPA. C.H.",0,AREQUIPA (CERCADO),JURIDICA
20611675080,INSIDE MARKET DESIGN E.I.R.L.,040112,AV. INDUSTRIAL 602 15 DE AGOSTO URB.,0,PAUCARPATA,JURIDICA
20611913509,WAO MARKET E.I.R.L.,040112,A 12 ASOC. TRABAJADORES DE LA A.V.,0,PAUCARPATA,JURIDICA
20612169498,INFINITY MARKET PERU E.I.R.L.,040129,CAL. COLON 150 JOSE LUIS BUSTAMANTE Y R URB.,0,JOSE LUIS BUSTAMANTE Y RIVERO,JURIDICA
20612195863,VEL MARKET E.I.R.L.,040129,AV. EMANCIPACION H 30 JUAN PABLO VIZCARDO Y GUZ URB.,0,JOSE LUIS BUSTAMANTE Y RIVERO,JURIDICA
20612215961,BE SMOOTH MARKET S.A.C.,040129,25 VILLA HERMOSA P URB.,0,JOSE LUIS BUSTAMANTE Y RIVERO,JURIDICA
20612411558,MAS BARATO MARKET SHOP S.A.C.,040102,AV. ESPAÑA 248,0,ALTO SELVA ALEGRE,JURIDICA
20612411752,TIENDA 24 HORAS S.R.L.,040109,N 3 HEROES DEL CENEPA AREA RE A.H.,0,MARIANO MELGAR,JURIDICA
20612514161,KING SERVICE & MARKET OF PERU E.I.R.L.,040101,AV. GOYENECHE 510 CERCADO URB.,0,AREQUIPA (CERCADO),JURIDICA
20612925152,MINI MARKET & SERVICIOS PARA TI E.I.R.L.,040129,J 9 SOLAR DEL BOSQUE RES.,0,JOSE LUIS BUSTAMANTE Y RIVERO,JURIDICA
20613033964,NITA'S MARKET S.A.C.,040129,CAL. COLON 116,0,JOSE LUIS BUSTAMANTE Y RIVERO,JURIDICA
20613161946,MINIMARKET CHINITO S.A.C.,040112,AV. SALAVERRY 512 15 DE AGOSTO URB.,0,PAUCARPATA,JURIDICA
20613199471,EMPRENDEDOR MARKET PERU E.I.R.L.,040122,CAL. CHICLAYO 212 SAN MARTIN DE SOCABAYA URB.,0,SOCABAYA,JURIDICA
20613314556,ZEVET MARKET E.I.R.L.,040123,CAL. MANUEL GONZALES PRADA 100,0,TIABAYA,JURIDICA
20613377639,AZOOLEX MARKET E.I.R.L.,040110,AV. GOYENECHE 2802 EDIFICADORES MISTI URB.,0,MIRAFLORES,JURIDICA
20613490907,BINGO MINIMARKET E.I.R.L.,040122,AV. UNION 320 SAN MARTIN DE SOCABAYA URB.,0,SOCABAYA,JURIDICA
20613542028,LA DESPENSA ARTESANAL S.A.C,040101,CAL. SANTA CATALINA 302,0,AREQUIPA (CERCADO),JURIDICA
20613633759,TEKNO MARKET Z S.A.C.,040102,JR. EL SALVADOR 7 EL GRAN CHAPPARRAL ASC.,0,ALTO SELVA ALEGRE,JURIDICA
20613654799,TIENDA VEROS E.I.R.L.,040112,G 19 VILLA PORONGOCHE COO.,0,PAUCARPATA,JURIDICA
20613727192,MULTISERVICIOS COP & MARKET E.I.R.L.,040109,CAL. AMÉRICA 822,0,MARIANO MELGAR,JURIDICA
20614056836,MI TIENDA IMPORT AQP E.I.R.L.,040101,CAL. ALVAREZ THOMAS 556,0,AREQUIPA (CERCADO),JURIDICA
20614296373,CELIA MARKET S.A.C.,040123,CAL. LAS FLORES PAMPAS NUEVAS 109,0,TIABAYA,JURIDICA
20614486385,ABARROTES KATITA E.I.R.L.,040104,AV. EVITAMIENTO EVITAMIENTO A.H. 3.5,0,CERRO COLORADO,JURIDICA
20614934612,GEMA MARKET S.A.C.,040103,E 10 JOSE OLAYA URB.,0,CAYMA,JURIDICA
20615010597,EMPORIOS COMERCIALES Y MINIMARKETS CANDY E.I.R.L,040122,CAL. CHICLAYO 311 SAN MARTIN DE SOCABAYA URB.,0,SOCABAYA,JURIDICA
20615257975,DESPENSA EXPRESS E.I.R.L.,040102,CAL. AMAZONAS 100 GRAFICOS URB.,0,ALTO SELVA ALEGRE,JURIDICA
20615416224,BODEGAS EL PUNTO E.I.R.L.,040104,AV. 27 DE NOVIEMBRE 820,0,CERRO COLORADO,JURIDICA
20615544346,BODEGA UCHU MAYU S.R.L.,040124,CAL. PERU M 11 P.T. CONGATA OTR.,0,UCHUMAYO,JURIDICA
20615553701,COMPANY BETHONY MARKET E.I.R.L.,040101,CAL. SANTA CATALINA 115A CERCADO URB.,0,AREQUIPA (CERCADO),JURIDICA
20615753468,S & A LIBRERIA Y ABARROTES E.I.R.L.,040101,CAL. CALLE ALBERTO GUILLEN 720 COOP VIV SIDSUR OTR.,0,AREQUIPA (CERCADO),JURIDICA
20120955544,AUTOSERVICIO LUZ S.R.LTDA.,040101,CAL. DEAN VALDIVIA 226,1,AREQUIPA (CERCADO),JURIDICA
20227493829,BODEGA TOP VERDUFRUT E I R LTDA,040103,D 2 LA MARINA URB.,1,CAYMA,JURIDICA
20312770351,MINI MARKET Y BAZAR DON LUCHO S.R.LTDA.,040110,CAL. TARAPACA 221 SAN ANTONIO ----,1,MIRAFLORES,JURIDICA
20369872274,FRANCO SUPERMERCADO E.I.R.L.,040129,S2 1 QUINTA TRISTAN URB.,1,JOSE LUIS BUSTAMANTE Y RIVERO,JURIDICA
20369872274,FRANCO SUPERMERCADO E.I.R.L.,040107,AV. ARTURO IBAÑEZ S/N 202,1,JACOBO HUNTER,JURIDICA
20369872274,FRANCO SUPERMERCADO E.I.R.L.,040129,D 1 SANTA MARIA DE LAMBRAMANI URB.,1,JOSE LUIS BUSTAMANTE Y RIVERO,JURIDICA
20455653780,REPRESENTANTE DE LICORES Y ABARROTES SOCIEDAD ANONIMA CERRADA-RELICAB S.A.C.,040101,CAL. PIEROLA 541A,1,AREQUIPA (CERCADO),JURIDICA
20455956685,TU TIENDA PREFERIDA # 8 E.I.R.L.,040101,CAL. DOS DE MAYO B 13,1,AREQUIPA (CERCADO),JURIDICA
20497821011,AUTOSERVICIO D'CARMEN S.R.L.,040101,PJ. PALOMAR SUB LOTE B -- UBIC.RUR. PARCELA F ----,1,AREQUIPA (CERCADO),JURIDICA
20498189041,DISTRIBUIDOR DE ABARROTES SUR S.A.C.,040129,---- BLOQUE N-STANDS 10 Y 12 C.FERIAL L INCAS-SEC.ABAR ----,1,JOSE LUIS BUSTAMANTE Y RIVERO,JURIDICA
20498189041,DISTRIBUIDOR DE ABARROTES SUR S.A.C.,040101,AV. LA MARINA 1105 VALLECITO ----,1,AREQUIPA (CERCADO),JURIDICA
20498605525,AMERICAN MARKET DISTRIBUTIONS SOCIEDAD COMERCIAL DE RESPONSABILIDAD LIMITADA-AMERICAN MARKET S.R.L.,040129,AV. LOS INCAS S/N Q7 EL PERAL FND.,1,JOSE LUIS BUSTAMANTE Y RIVERO,JURIDICA
20498605525,AMERICAN MARKET DISTRIBUTIONS SOCIEDAD COMERCIAL DE RESPONSABILIDAD LIMITADA-AMERICAN MARKET S.R.L.,040101,---- LOPEZ DE ROMAÑA 198 PARQUE INDUSTRIAL Z.I.,1,AREQUIPA (CERCADO),JURIDICA
20528022881,MINI MARKET GAMAR EMPRESA INDIVIDUAL DE RESPONSABILIDAD LIMITADA,040101,AV. LAMBRAMANI 325 2 AURORA URB.,1,AREQUIPA (CERCADO),JURIDICA
20528022881,MINI MARKET GAMAR EMPRESA INDIVIDUAL DE RESPONSABILIDAD LIMITADA,040101,CAL. SAN JUAN DE DIOS 402C A-6 CERCADO URB.,1,AREQUIPA (CERCADO),JURIDICA
20528022881,MINI MARKET GAMAR EMPRESA INDIVIDUAL DE RESPONSABILIDAD LIMITADA,040101,CAL. SAN JUAN DE DIOS 639 NICOLAS DE PIEROLA ET.2 C.H.,1,AREQUIPA (CERCADO),JURIDICA
20528022881,MINI MARKET GAMAR EMPRESA INDIVIDUAL DE RESPONSABILIDAD LIMITADA,040129,B 13 VILLA DOLORES URB.,1,JOSE LUIS BUSTAMANTE Y RIVERO,JURIDICA
20539523059,MARILIA BODEGA Y SNACK E.I.R.L.,040107,---- PABELLON G TIENDA 5 TERMINAL TERRESTRE ----,1,JACOBO HUNTER,JURIDICA
20539523059,MARILIA BODEGA Y SNACK E.I.R.L.,040107,-- 51 TERMINAL TERRESTRE II ----,1,JACOBO HUNTER,JURIDICA
20558087596,PROALPERU TRADE MARKET S.A.C.,040109,CAL. NICOLAS DE PIEROLA 832B,1,MARIANO MELGAR,JURIDICA
20600495268,DISTRIBUIDORA DE ABARROTES D & L E.I.R.L.,040109,CAL. CALLE ARIAS ARAGUEZ 846 CALLE ARIAS ARAGUEZ URB.,1,MARIANO MELGAR,JURIDICA
20602764533,ABARROTES DIVINO NIÑO JESUS EMPRESA INDIVIDUAL DE RESPONSABILIDAD LIMITADA,040129,AV. ANDRES AVELINO CACERES ---,1,JOSE LUIS BUSTAMANTE Y RIVERO,JURIDICA
20602906320,CEYLAN MARKET SOCIEDAD ANONIMA CERRADA - CEYLAN MARKET S.A.C.,040101,CAL. PIEROLA 325A CERCADO URB.,1,AREQUIPA (CERCADO),JURIDICA
20602906320,CEYLAN MARKET SOCIEDAD ANONIMA CERRADA - CEYLAN MARKET S.A.C.,040101,CAL. DEAN VALDIVIA 130 CERCADO URB.,1,AREQUIPA (CERCADO),JURIDICA
20602906320,CEYLAN MARKET SOCIEDAD ANONIMA CERRADA - CEYLAN MARKET S.A.C.,040101,CAL. PIEROLA 326,1,AREQUIPA (CERCADO),JURIDICA
20603290837,TIENDA DE ABARROTES CLARITA S.R.L.,040123,PRO. MIGUEL GRAU 205,1,TIABAYA,JURIDICA
20603572158,DISTRIBUIDORA DE ABARROTES M Y M EMPRESA INDIVIDUAL DE RESPONSABILIDAD LIMITADA,040104,AV. CONTRERAS 202 ALTO LIBERTAD URB.,1,CERRO COLORADO,JURIDICA
20609643511,ECO MARKET ANDREA E.I.R.L.,040104,A 57 VILLA FAUCETT ASC.,1,CERRO COLORADO,JURIDICA
20611281031,ECO-MARKET NATY´S S.R.L.,040101,CAL. LORETO 309 MAGISTERIAL URB.,1,AREQUIPA (CERCADO),JURIDICA
20611913509,WAO MARKET E.I.R.L.,040112,AV. COLON 103C,1,PAUCARPATA,JURIDICA
20613542028,LA DESPENSA ARTESANAL S.A.C,040129,OTR. CERRO JULI S/N CAMPO FERIAL CERRO JULI S OTR.,1,JOSE LUIS BUSTAMANTE Y RIVERO,JURIDICA
20613542028,LA DESPENSA ARTESANAL S.A.C,040101,CAL. LA MERCED 108,1,AREQUIPA (CERCADO),JURIDICA
