modelo,metrica,valor,IC95_inf,IC95_sup
Ensamble,ROC_AUC,0.8090374106767549,0.7572132229122941,0.8639998619137272
Ensamble,PR_AUC,0.11681933868411504,0.07257826997540023,0.22309455100145525
Ensamble,Lift@10%,4.906871794871795,3.0216000000000003,6.220941176470589
Baseline densidad,ROC_AUC,0.7865489701555276,0.7326589669710459,0.8349806737306723
Baseline densidad,PR_AUC,0.07959416089441758,0.051391150389137434,0.13714129681467438
Baseline densidad,Lift@10%,2.066051282051282,1.0602105263157895,3.637259929078014
Baseline pob. k1,ROC_AUC,0.7537620849096259,0.6854339628046766,0.8135510993223759
Baseline pob. k1,PR_AUC,0.09190013963597826,0.053911349583609526,0.17613733768109505
Baseline pob. k1,Lift@10%,3.099076923076923,1.6239623167155426,4.522379387755102
Baseline POIs k1,ROC_AUC,0.6831757040773434,0.6035712250530704,0.7641223994223426
Baseline POIs k1,PR_AUC,0.06065305990561083,0.036931982039987925,0.11494904403860363
Baseline POIs k1,Lift@10%,2.324307692307692,1.0602105263157895,3.804977777777778
