variable,VIF_37,VIF_sin_identidades
dens_hab_km2,7230918.575112015,7230918.575112015
pob_2017,inf,7230061.729306822
n_intersec,5405247.44248471,5405247.44248471
dens_intersec_km2,5404688.412019338,5404688.412019338
long_vial_km_km2,1889128.742799926,1889128.742799926
long_vial_m,1887741.0196272165,1887741.0196272165
pob_k2,140.41821470835004,140.41821470835004
pob_k1,inf,66.73474668659001
pob_k3,58.349174377120576,58.34917437712095
n_nodos,32.585693214373656,32.585693214373535
n_comida_k1,inf,10.153548828742364
hab_por_comp_k1,9.376636779113888,9.376636779113916
n_banco_k1,inf,6.592547077860522
n_comp_osm_k1,6.11805529061767,6.118055290617649
n_colegio_k1,inf,5.224242244204531
n_salud_k1,inf,4.933778066573737
n_comida,4.752218794165469,4.752218794165469
n_mercado_k1,inf,4.5804359522746445
long_princ_m,4.522426977596553,4.522426977596594
n_panader_k1,inf,4.383195803002462
n_mz,4.275883058748551,4.275883058748573
pct_vial_princ,3.2772838322910958,3.277283832291081
n_banco,3.2716851045513042,3.2716851045513016
n_culto_k1,inf,3.15544781123232
area_km2,2.1924761233785066,2.192476123378376
n_colegio,2.174082795623972,2.1740827956239714
n_comp_osm,2.1536808374404344,2.1536808374404335
n_grifo_k1,inf,2.1502712247501297
n_mercado,2.070744772807317,2.0707447728073163
n_salud,1.9742592907770016,1.9742592907769994
n_panader,1.9718312091254016,1.9718312091253996
n_culto,1.5653286997314722,1.5653286997314722
n_transp_k1,inf,1.5077953771306196
n_grifo,1.4032982783474441,1.4032982783474448
n_transp,1.3443023299392207,1.3443023299392207
pob_k1_ext,inf,
n_poi_k1,inf,
