pliegue,modelo,n_pos,PR_AUC,ROC_AUC
1,LR,59,0.22154296276917848,0.7520227638253124
1,RF,59,0.249156733576331,0.8522578250649511
1,XGB,59,0.288582484840523,0.8420635902511444
1,ENS,59,0.28358725480133096,0.8334652975380428
2,LR,29,0.25236314887646966,0.9195885250651985
2,RF,29,0.27792718793875687,0.9269776876267748
2,XGB,29,0.2936942040498686,0.9233555491161982
2,ENS,29,0.2831562905024326,0.928305805080653
3,LR,13,0.1960057564566784,0.942149631190727
3,RF,13,0.23276393345603896,0.9314014752370916
3,XGB,13,0.30397036490928564,0.9316122233930453
3,ENS,13,0.3101921655374629,0.9402528977871444
4,LR,7,0.14858784850578652,0.9629773211862764
4,RF,7,0.150768228187583,0.9631711572010079
4,XGB,7,0.14095826118646676,0.9594882729211087
4,ENS,7,0.17847845914348376,0.9682108935840279
5,LR,14,0.2656391848952744,0.9284734469919654
5,RF,14,0.20449757238579624,0.9425827944346463
5,XGB,14,0.30477216414996683,0.959925533999608
5,ENS,14,0.2705297080405846,0.950127376053302
