variable,importancia
pob_2017,0.16248797831925793
dens_hab_km2,0.15528460722847606
pob_k1,0.08083827499824518
pob_k1_ext,0.07816151136874433
n_poi_k1,0.06029880955097614
n_colegio_k1,0.051388521979013765
pob_k2,0.049535715179061045
n_mz,0.0435062822883347
dens_intersec_km2,0.03654621439404243
long_princ_m,0.03495291166248282
pob_k3,0.033184440654795845
pct_vial_princ,0.03124235150347313
hab_por_comp_k1,0.030108419639841132
n_intersec,0.027801717015249135
n_nodos,0.01930185270023301
area_km2,0.016820972665793514
long_vial_m,0.015493131013661973
long_vial_km_km2,0.014631006997948233
n_colegio,0.011778764480161928
n_salud_k1,0.007309687231690196
n_comida_k1,0.006409494730086124
n_culto_k1,0.006405850441663382
n_comida,0.005287610339292478
n_grifo_k1,0.00518156181624149
n_mercado_k1,0.002468741872102236
n_salud,0.0022628449994641976
n_culto,0.002148806835138105
n_comp_osm_k1,0.0020953997420392495
n_panader_k1,0.0017063371337555412
n_banco_k1,0.0016550777494299797
n_transp_k1,0.0013025808198702965
n_grifo,0.0007463986665659977
n_mercado,0.00046073884309222183
n_banco,0.00036566978855205286
n_comp_osm,0.0003518045841687357
n_panader,0.00032351174009873914
n_transp,0.00015439902695662947
